tx_id,date,account,currency,type,amount,category,counterparty
1,2024-01-01,EUR_Operating,EUR,debit,2944.84,Supplier Payment,Vend_B
2,2024-01-01,EUR_Operating,EUR,debit,31161.67,Loan Interest,Bank Loan
3,2024-01-02,EUR_Operating,EUR,debit,18.14,Bank Fee,Bank
4,2024-01-03,EUR_Operating,EUR,debit,8110.71,Supplier Payment,Vend_A
5,2024-01-04,EUR_Operating,EUR,debit,5805.73,Supplier Payment,Vend_B
6,2024-01-04,EUR_Operating,EUR,debit,12189.27,Supplier Payment,Vend_C
7,2024-01-05,EUR_Operating,EUR,debit,2254.75,Supplier Payment,Vend_A
8,2024-01-05,EUR_Operating,EUR,debit,10132.07,Supplier Payment,Vend_B
9,2024-01-05,EUR_Operating,EUR,debit,4406.85,Supplier Payment,Vend_C
10,2024-01-06,EUR_Operating,EUR,debit,1511.46,Supplier Payment,Vend_A
11,2024-01-10,EUR_Operating,EUR,debit,5880.48,Supplier Payment,Vend_C
12,2024-01-10,EUR_Operating,EUR,debit,4962.49,Supplier Payment,Vend_C
13,2024-01-15,EUR_Operating,EUR,debit,10454.59,Supplier Payment,Vend_B
14,2024-01-16,EUR_Operating,EUR,debit,8024.9,Supplier Payment,Vend_A
15,2024-01-18,EUR_Operating,EUR,debit,9635.13,Supplier Payment,Vend_A
16,2024-01-19,EUR_Operating,EUR,debit,25681.48,Supplier Payment,Vend_A
17,2024-01-24,EUR_Operating,EUR,debit,18779.17,Supplier Payment,Vend_C
18,2024-01-25,EUR_Payroll,EUR,debit,122726.77,Payroll,Payroll
19,2024-01-25,EUR_Operating,EUR,debit,122726.77,Transfer to Payroll,Payroll
20,2024-01-28,EUR_Operating,EUR,debit,10556.02,Supplier Payment,Vend_A
21,2024-01-28,EUR_Operating,EUR,debit,16310.93,Supplier Payment,Vend_B
22,2024-01-28,EUR_Operating,EUR,debit,13055.56,Supplier Payment,Vend_B
23,2024-01-29,EUR_Operating,EUR,debit,6070.46,Supplier Payment,Vend_C
24,2024-01-29,EUR_Operating,EUR,debit,5736.83,Supplier Payment,Vend_B
25,2024-01-31,EUR_Operating,EUR,debit,10633.04,Supplier Payment,Vend_A
26,2024-02-01,EUR_Operating,EUR,debit,1231.84,Supplier Payment,Vend_A
27,2024-02-01,EUR_Operating,EUR,debit,33156.67,Loan Interest,Bank Loan
28,2024-02-02,EUR_Operating,EUR,credit,6703.28,Customer Payment,Cust_A
29,2024-02-04,EUR_Operating,EUR,debit,2651.15,Supplier Payment,Vend_B
30,2024-02-05,EUR_Operating,EUR,debit,1149.14,Supplier Payment,Vend_B
31,2024-02-06,EUR_Operating,EUR,debit,5052.83,Supplier Payment,Vend_A
32,2024-02-08,EUR_Operating,EUR,debit,5585.02,Supplier Payment,Vend_C
33,2024-02-09,EUR_Operating,EUR,debit,1747.07,Supplier Payment,Vend_A
34,2024-02-10,EUR_Operating,EUR,debit,4941.87,Supplier Payment,Vend_C
35,2024-02-10,EUR_Operating,EUR,debit,10556.02,Supplier Payment,Vend_A
36,2024-02-13,JPY_Sales,JPY,debit,3581.57,Supplier Payment,Vend_C
37,2024-02-15,EUR_Operating,EUR,debit,5246.26,Supplier Payment,Vend_A
38,2024-02-15,EUR_Operating,EUR,debit,11906.22,Supplier Payment,Vend_B
39,2024-02-15,EUR_Operating,EUR,debit,5856.83,Supplier Payment,Vend_B
40,2024-02-15,EUR_Operating,EUR,debit,1583.41,Supplier Payment,Vend_C
41,2024-02-16,EUR_Operating,EUR,debit,4939.38,Supplier Payment,Vend_C
42,2024-02-16,EUR_Operating,EUR,debit,8247.74,Supplier Payment,Vend_B
43,2024-02-16,EUR_Operating,EUR,debit,80.52,Bank Fee,Bank
44,2024-02-17,EUR_Operating,EUR,debit,3953.4,Supplier Payment,Vend_C
45,2024-02-19,JPY_Sales,JPY,credit,1960494.0,Customer Payment,Cust_A
46,2024-02-20,EUR_Operating,EUR,debit,14631.95,Supplier Payment,Vend_B
47,2024-02-21,EUR_Operating,EUR,credit,7058.18,Customer Payment,Cust_B
48,2024-02-21,EUR_Operating,EUR,debit,8265.5,Supplier Payment,Vend_A
49,2024-02-22,EUR_Operating,EUR,credit,2884.62,Customer Payment,Cust_D
50,2024-02-23,EUR_Operating,EUR,debit,3104.25,Supplier Payment,Vend_A
51,2024-02-23,EUR_Operating,EUR,debit,6202.35,Supplier Payment,Vend_B
52,2024-02-24,EUR_Operating,EUR,credit,3566.9,Customer Payment,Cust_D
53,2024-02-24,EUR_Operating,EUR,debit,13428.97,Supplier Payment,Vend_C
54,2024-02-24,EUR_Operating,EUR,debit,14476.47,Supplier Payment,Vend_B
55,2024-02-25,EUR_Operating,EUR,debit,1801.73,Supplier Payment,Vend_C
56,2024-02-25,EUR_Operating,EUR,debit,5097.74,Supplier Payment,Vend_C
57,2024-02-25,EUR_Payroll,EUR,debit,124104.65,Payroll,Payroll
58,2024-02-25,EUR_Operating,EUR,debit,124104.65,Transfer to Payroll,Payroll
59,2024-02-26,EUR_Operating,EUR,credit,11181.57,Customer Payment,Cust_B
60,2024-02-27,EUR_Operating,EUR,credit,12786.38,Customer Payment,Cust_B
61,2024-02-27,EUR_Operating,EUR,credit,2831.3,Customer Payment,Cust_A
62,2024-02-27,USD_Sales,USD,debit,5429.1,Supplier Payment,Vend_C
63,2024-02-27,EUR_Operating,EUR,debit,1687.34,Supplier Payment,Vend_A
64,2024-02-28,EUR_Operating,EUR,credit,12420.98,Customer Payment,Cust_C
65,2024-02-28,EUR_Operating,EUR,debit,4406.85,Supplier Payment,Vend_C
66,2024-02-29,EUR_Operating,EUR,debit,1608.68,Supplier Payment,Vend_C
67,2024-02-29,EUR_Operating,EUR,debit,12015.44,Supplier Payment,Vend_A
68,2024-03-01,EUR_Operating,EUR,debit,13636.36,Supplier Payment,Vend_B
69,2024-03-01,EUR_Operating,EUR,debit,13055.56,Supplier Payment,Vend_B
70,2024-03-01,EUR_Operating,EUR,debit,33723.33,Loan Interest,Bank Loan
71,2024-03-02,EUR_Operating,EUR,debit,5805.73,Supplier Payment,Vend_B
72,2024-03-03,EUR_Operating,EUR,credit,20310.5,Customer Payment,Cust_B
73,2024-03-03,EUR_Operating,EUR,credit,9325.04,Customer Payment,Cust_D
74,2024-03-03,EUR_Operating,EUR,debit,6906.82,Supplier Payment,Vend_A
75,2024-03-04,JPY_Sales,JPY,credit,765924.0,Customer Payment,Cust_D
76,2024-03-04,EUR_Operating,EUR,debit,8081.5,Supplier Payment,Vend_A
77,2024-03-05,USD_Sales,USD,credit,7970.26,Customer Payment,Cust_D
78,2024-03-05,EUR_Operating,EUR,debit,6463.95,Supplier Payment,Vend_A
79,2024-03-05,EUR_Operating,EUR,debit,3422.01,Supplier Payment,Vend_B
80,2024-03-06,EUR_Operating,EUR,credit,11567.82,Customer Payment,Cust_B
81,2024-03-06,EUR_Operating,EUR,credit,5653.15,Customer Payment,Cust_D
82,2024-03-06,EUR_Operating,EUR,debit,6463.95,Supplier Payment,Vend_A
83,2024-03-07,EUR_Operating,EUR,credit,3261.36,Customer Payment,Cust_A
84,2024-03-07,EUR_Operating,EUR,debit,13636.36,Supplier Payment,Vend_B
85,2024-03-07,EUR_Operating,EUR,debit,11590.99,Supplier Payment,Vend_A
86,2024-03-08,EUR_Operating,EUR,debit,2910.89,Supplier Payment,Vend_A
87,2024-03-08,EUR_Operating,EUR,debit,2776.21,Supplier Payment,Vend_C
88,2024-03-09,EUR_Operating,EUR,credit,9924.44,Customer Payment,Cust_C
89,2024-03-11,EUR_Operating,EUR,credit,5141.89,Customer Payment,Cust_A
90,2024-03-11,EUR_Operating,EUR,debit,7643.37,Supplier Payment,Vend_B
91,2024-03-13,EUR_Operating,EUR,credit,17875.67,Customer Payment,Cust_C
92,2024-03-13,EUR_Operating,EUR,debit,3223.73,Supplier Payment,Vend_A
93,2024-03-13,EUR_Operating,EUR,debit,4467.06,Supplier Payment,Vend_A
94,2024-03-14,EUR_Operating,EUR,credit,16141.06,Customer Payment,Cust_D
95,2024-03-14,EUR_Operating,EUR,debit,2070.54,Supplier Payment,Vend_C
96,2024-03-15,EUR_Operating,EUR,credit,7086.27,Customer Payment,Cust_A
97,2024-03-15,EUR_Operating,EUR,debit,2258.89,Supplier Payment,Vend_B
98,2024-03-16,EUR_Operating,EUR,debit,13294.11,Supplier Payment,Vend_B
99,2024-03-17,EUR_Operating,EUR,credit,16552.14,Customer Payment,Cust_C
100,2024-03-17,EUR_Operating,EUR,credit,5678.01,Customer Payment,Cust_D
101,2024-03-18,EUR_Operating,EUR,debit,11372.33,Supplier Payment,Vend_C
102,2024-03-18,EUR_Operating,EUR,debit,9513.72,Supplier Payment,Vend_C
103,2024-03-19,EUR_Operating,EUR,credit,21184.64,Customer Payment,Cust_B
104,2024-03-19,USD_Sales,USD,credit,2105.0,Customer Payment,Cust_B
105,2024-03-19,EUR_Operating,EUR,debit,6126.56,Supplier Payment,Vend_B
106,2024-03-19,EUR_Operating,EUR,debit,3099.6,Supplier Payment,Vend_C
107,2024-03-19,EUR_Operating,EUR,debit,3973.79,Supplier Payment,Vend_C
108,2024-03-20,EUR_Operating,EUR,debit,4735.36,Supplier Payment,Vend_B
109,2024-03-21,EUR_Operating,EUR,credit,10549.8,Customer Payment,Cust_A
110,2024-03-21,EUR_Operating,EUR,credit,5290.4,Customer Payment,Cust_A
111,2024-03-21,EUR_Operating,EUR,credit,8749.45,Customer Payment,Cust_B
112,2024-03-21,EUR_Operating,EUR,credit,6920.11,Customer Payment,Cust_D
113,2024-03-21,EUR_Operating,EUR,debit,20071.38,Supplier Payment,Vend_A
114,2024-03-22,EUR_Operating,EUR,credit,7118.63,Customer Payment,Cust_A
115,2024-03-22,EUR_Operating,EUR,credit,2754.81,Customer Payment,Cust_B
116,2024-03-23,EUR_Operating,EUR,debit,3776.59,Supplier Payment,Vend_C
117,2024-03-23,EUR_Operating,EUR,debit,9513.72,Supplier Payment,Vend_C
118,2024-03-24,EUR_Operating,EUR,credit,1376.19,Customer Payment,Cust_B
119,2024-03-24,EUR_Operating,EUR,debit,5283.56,Supplier Payment,Vend_C
120,2024-03-24,EUR_Operating,EUR,debit,7786.63,Supplier Payment,Vend_B
121,2024-03-25,EUR_Operating,EUR,debit,9006.05,Supplier Payment,Vend_C
122,2024-03-25,USD_Sales,USD,debit,1320.69,Supplier Payment,Vend_A
123,2024-03-25,EUR_Payroll,EUR,debit,123186.5,Payroll,Payroll
124,2024-03-25,EUR_Operating,EUR,debit,123186.5,Transfer to Payroll,Payroll
125,2024-03-26,EUR_Operating,EUR,credit,9728.38,Customer Payment,Cust_C
126,2024-03-26,EUR_Operating,EUR,debit,7341.38,Supplier Payment,Vend_B
127,2024-03-27,EUR_Operating,EUR,credit,18736.37,Customer Payment,Cust_D
128,2024-03-27,EUR_Operating,EUR,credit,11704.15,Customer Payment,Cust_C
129,2024-03-27,EUR_Operating,EUR,debit,1473.73,Supplier Payment,Vend_B
130,2024-03-27,EUR_Operating,EUR,debit,500.57,Supplier Payment,Vend_C
131,2024-03-29,EUR_Operating,EUR,credit,1613.72,Customer Payment,Cust_C
132,2024-03-29,EUR_Operating,EUR,debit,1747.07,Supplier Payment,Vend_A
133,2024-03-29,EUR_Operating,EUR,debit,979.03,Supplier Payment,Vend_A
134,2024-03-29,JPY_Sales,JPY,debit,5473.64,Supplier Payment,Vend_B
135,2024-03-30,EUR_Operating,EUR,credit,7796.3,Customer Payment,Cust_C
136,2024-03-30,EUR_Operating,EUR,debit,8067.61,Supplier Payment,Vend_B
137,2024-03-31,EUR_Operating,EUR,debit,13.83,Bank Fee,Bank
138,2024-04-01,EUR_Operating,EUR,credit,8666.36,Customer Payment,Cust_B
139,2024-04-01,EUR_Operating,EUR,credit,2820.41,Customer Payment,Cust_C
140,2024-04-01,JPY_Sales,JPY,credit,1163689.0,Customer Payment,Cust_A
141,2024-04-01,EUR_Operating,EUR,debit,30710.0,Loan Interest,Bank Loan
142,2024-04-01,EUR_Operating,EUR,debit,149.97,Bank Fee,Bank
143,2024-04-02,EUR_Operating,EUR,credit,8420.93,Customer Payment,Cust_B
144,2024-04-02,USD_Sales,USD,credit,14216.22,Customer Payment,Cust_C
145,2024-04-02,EUR_Operating,EUR,debit,7786.63,Supplier Payment,Vend_B
146,2024-04-03,EUR_Operating,EUR,credit,11576.54,Customer Payment,Cust_D
147,2024-04-03,EUR_Operating,EUR,debit,12005.27,Supplier Payment,Vend_A
148,2024-04-04,EUR_Operating,EUR,credit,6955.12,Customer Payment,Cust_C
149,2024-04-05,EUR_Operating,EUR,credit,8853.95,Customer Payment,Cust_C
150,2024-04-05,EUR_Operating,EUR,debit,5925.28,Supplier Payment,Vend_B
151,2024-04-06,USD_Sales,USD,debit,14696.47,Supplier Payment,Vend_B
152,2024-04-06,EUR_Operating,EUR,debit,5734.36,Supplier Payment,Vend_B
153,2024-04-06,EUR_Operating,EUR,debit,9611.65,Supplier Payment,Vend_C
154,2024-04-07,EUR_Operating,EUR,credit,4556.83,Customer Payment,Cust_D
155,2024-04-07,EUR_Operating,EUR,credit,3199.24,Customer Payment,Cust_D
156,2024-04-07,EUR_Operating,EUR,credit,8571.6,Customer Payment,Cust_D
157,2024-04-07,EUR_Operating,EUR,debit,9397.1,Supplier Payment,Vend_C
158,2024-04-09,USD_Sales,USD,credit,2882.59,Customer Payment,Cust_A
159,2024-04-09,EUR_Operating,EUR,credit,10599.82,Customer Payment,Cust_A
160,2024-04-09,EUR_Operating,EUR,debit,6910.56,Supplier Payment,Vend_C
161,2024-04-09,EUR_Operating,EUR,debit,7933.26,Supplier Payment,Vend_A
162,2024-04-10,EUR_Operating,EUR,debit,5097.74,Supplier Payment,Vend_C
163,2024-04-11,EUR_Operating,EUR,credit,10155.54,Customer Payment,Cust_D
164,2024-04-11,EUR_Operating,EUR,debit,6317.96,Supplier Payment,Vend_C
165,2024-04-12,EUR_Operating,EUR,credit,8340.35,Customer Payment,Cust_D
166,2024-04-13,EUR_Operating,EUR,credit,13980.95,Customer Payment,Cust_A
167,2024-04-13,EUR_Operating,EUR,credit,3486.3,Customer Payment,Cust_B
168,2024-04-13,EUR_Operating,EUR,debit,7454.7,Supplier Payment,Vend_A
169,2024-04-14,EUR_Operating,EUR,credit,16533.2,Customer Payment,Cust_D
170,2024-04-14,JPY_Sales,JPY,debit,6900.85,Supplier Payment,Vend_C
171,2024-04-15,EUR_Operating,EUR,credit,9639.08,Customer Payment,Cust_B
172,2024-04-15,EUR_Operating,EUR,debit,3397.77,Supplier Payment,Vend_B
173,2024-04-16,EUR_Operating,EUR,credit,9055.16,Customer Payment,Cust_C
174,2024-04-16,EUR_Operating,EUR,credit,13575.31,Customer Payment,Cust_D
175,2024-04-16,EUR_Operating,EUR,credit,8574.36,Customer Payment,Cust_C
176,2024-04-16,EUR_Operating,EUR,debit,6045.8,Supplier Payment,Vend_B
177,2024-04-17,EUR_Operating,EUR,credit,2975.97,Customer Payment,Cust_A
178,2024-04-17,EUR_Operating,EUR,debit,2797.67,Supplier Payment,Vend_A
179,2024-04-17,EUR_Operating,EUR,debit,4962.49,Supplier Payment,Vend_C
180,2024-04-18,EUR_Operating,EUR,credit,6113.6,Customer Payment,Cust_D
181,2024-04-18,EUR_Operating,EUR,credit,4704.5,Customer Payment,Cust_B
182,2024-04-19,EUR_Operating,EUR,debit,16500.56,Supplier Payment,Vend_A
183,2024-04-20,EUR_Operating,EUR,debit,4800.96,Supplier Payment,Vend_B
184,2024-04-21,EUR_Operating,EUR,credit,6795.43,Customer Payment,Cust_C
185,2024-04-21,USD_Sales,USD,credit,10299.89,Customer Payment,Cust_B
186,2024-04-22,EUR_Operating,EUR,credit,12283.49,Customer Payment,Cust_A
187,2024-04-22,EUR_Operating,EUR,credit,17280.15,Customer Payment,Cust_C
188,2024-04-22,EUR_Operating,EUR,debit,3051.87,Supplier Payment,Vend_C
189,2024-04-22,USD_Sales,USD,debit,1146.99,Supplier Payment,Vend_C
190,2024-04-24,EUR_Operating,EUR,debit,6584.89,Supplier Payment,Vend_B
191,2024-04-24,EUR_Operating,EUR,debit,5125.01,Supplier Payment,Vend_C
192,2024-04-25,EUR_Operating,EUR,credit,8826.23,Customer Payment,Cust_B
193,2024-04-25,EUR_Operating,EUR,debit,3577.94,Supplier Payment,Vend_C
194,2024-04-25,EUR_Operating,EUR,debit,1105.48,Supplier Payment,Vend_B
195,2024-04-25,EUR_Payroll,EUR,debit,124831.92,Payroll,Payroll
196,2024-04-25,EUR_Operating,EUR,debit,124831.92,Transfer to Payroll,Payroll
197,2024-04-26,EUR_Operating,EUR,credit,30806.54,Customer Payment,Cust_D
198,2024-04-26,EUR_Operating,EUR,debit,5808.07,Supplier Payment,Vend_A
199,2024-04-27,EUR_Operating,EUR,debit,6914.21,Supplier Payment,Vend_A
200,2024-04-28,EUR_Operating,EUR,debit,7557.18,Supplier Payment,Vend_B
201,2024-04-28,EUR_Operating,EUR,debit,7376.18,Supplier Payment,Vend_B
202,2024-04-28,EUR_Operating,EUR,debit,245.06,Supplier Payment,Vend_A
203,2024-04-28,EUR_Operating,EUR,debit,4449.7,Supplier Payment,Vend_B
204,2024-04-28,EUR_Operating,EUR,debit,10734.27,Supplier Payment,Vend_A
205,2024-04-28,EUR_Operating,EUR,debit,6317.96,Supplier Payment,Vend_C
206,2024-04-29,EUR_Operating,EUR,credit,13893.76,Customer Payment,Cust_A
207,2024-04-29,EUR_Operating,EUR,debit,5187.79,Supplier Payment,Vend_C
208,2024-04-30,EUR_Operating,EUR,debit,12184.78,Supplier Payment,Vend_C
209,2024-04-30,EUR_Operating,EUR,debit,2903.15,Supplier Payment,Vend_A
210,2024-04-30,EUR_Operating,EUR,debit,5973.47,Supplier Payment,Vend_C
211,2024-05-01,EUR_Operating,EUR,credit,6385.07,Customer Payment,Cust_C
212,2024-05-01,EUR_Operating,EUR,debit,29553.33,Loan Interest,Bank Loan
213,2024-05-03,EUR_Operating,EUR,credit,9312.98,Customer Payment,Cust_B
214,2024-05-03,EUR_Operating,EUR,debit,10496.25,Supplier Payment,Vend_C
215,2024-05-04,EUR_Operating,EUR,debit,7999.48,Supplier Payment,Vend_A
216,2024-05-06,EUR_Operating,EUR,credit,8099.77,Customer Payment,Cust_B
217,2024-05-06,EUR_Operating,EUR,debit,10388.64,Supplier Payment,Vend_C
218,2024-05-08,EUR_Operating,EUR,credit,4018.13,Customer Payment,Cust_B
219,2024-05-08,EUR_Operating,EUR,debit,1893.02,Supplier Payment,Vend_B
220,2024-05-10,EUR_Operating,EUR,credit,5023.92,Customer Payment,Cust_B
221,2024-05-10,USD_Sales,USD,credit,2373.28,Customer Payment,Cust_B
222,2024-05-10,EUR_Operating,EUR,debit,5237.94,Supplier Payment,Vend_B
223,2024-05-11,EUR_Operating,EUR,credit,15601.25,Customer Payment,Cust_C
224,2024-05-11,EUR_Operating,EUR,credit,12128.97,Customer Payment,Cust_B
225,2024-05-11,EUR_Operating,EUR,debit,2200.78,Supplier Payment,Vend_A
226,2024-05-11,EUR_Operating,EUR,debit,82.08,Bank Fee,Bank
227,2024-05-12,EUR_Operating,EUR,credit,11272.35,Customer Payment,Cust_C
228,2024-05-12,USD_Sales,USD,debit,9108.32,Supplier Payment,Vend_A
229,2024-05-12,EUR_Operating,EUR,debit,12198.84,Supplier Payment,Vend_C
230,2024-05-13,EUR_Operating,EUR,credit,15308.75,Customer Payment,Cust_C
231,2024-05-13,EUR_Operating,EUR,debit,7203.05,Supplier Payment,Vend_C
232,2024-05-14,EUR_Operating,EUR,credit,2601.27,Customer Payment,Cust_D
233,2024-05-15,EUR_Operating,EUR,credit,5839.01,Customer Payment,Cust_B
234,2024-05-15,EUR_Operating,EUR,debit,6463.95,Supplier Payment,Vend_A
235,2024-05-16,EUR_Operating,EUR,debit,10542.02,Supplier Payment,Vend_A
236,2024-05-19,EUR_Operating,EUR,credit,1710.42,Customer Payment,Cust_D
237,2024-05-19,EUR_Operating,EUR,credit,16045.17,Customer Payment,Cust_B
238,2024-05-19,EUR_Operating,EUR,debit,7851.07,Supplier Payment,Vend_C
239,2024-05-20,EUR_Operating,EUR,debit,874.77,Supplier Payment,Vend_A
240,2024-05-21,EUR_Operating,EUR,credit,9902.27,Customer Payment,Cust_A
241,2024-05-21,EUR_Operating,EUR,debit,2884.47,Supplier Payment,Vend_B
242,2024-05-21,EUR_Operating,EUR,debit,6463.95,Supplier Payment,Vend_A
243,2024-05-23,EUR_Operating,EUR,debit,3020.74,Supplier Payment,Vend_C
244,2024-05-24,EUR_Operating,EUR,credit,1290.9,Customer Payment,Cust_C
245,2024-05-25,EUR_Operating,EUR,credit,6407.32,Customer Payment,Cust_C
246,2024-05-25,EUR_Operating,EUR,debit,4735.36,Supplier Payment,Vend_B
247,2024-05-25,EUR_Payroll,EUR,debit,121055.02,Payroll,Payroll
248,2024-05-25,EUR_Operating,EUR,debit,121055.02,Transfer to Payroll,Payroll
249,2024-05-27,EUR_Operating,EUR,debit,5734.36,Supplier Payment,Vend_B
250,2024-05-28,EUR_Operating,EUR,debit,3606.94,Supplier Payment,Vend_A
251,2024-05-29,EUR_Operating,EUR,credit,1160.36,Customer Payment,Cust_D
252,2024-05-30,EUR_Operating,EUR,credit,11239.95,Customer Payment,Cust_B
253,2024-05-30,EUR_Operating,EUR,debit,1893.02,Supplier Payment,Vend_B
254,2024-05-30,EUR_Operating,EUR,debit,5139.08,Supplier Payment,Vend_C
255,2024-05-31,EUR_Operating,EUR,credit,1702.93,Customer Payment,Cust_A
256,2024-05-31,EUR_Operating,EUR,credit,4913.82,Customer Payment,Cust_D
257,2024-05-31,EUR_Operating,EUR,debit,6724.59,Supplier Payment,Vend_B
258,2024-05-31,EUR_Operating,EUR,debit,10301.92,Supplier Payment,Vend_A
259,2024-06-01,EUR_Operating,EUR,credit,12451.88,Customer Payment,Cust_A
260,2024-06-01,EUR_Operating,EUR,debit,32855.0,Loan Interest,Bank Loan
261,2024-06-02,EUR_Operating,EUR,credit,3009.14,Customer Payment,Cust_C
262,2024-06-02,EUR_Operating,EUR,credit,6017.23,Customer Payment,Cust_B
263,2024-06-03,EUR_Operating,EUR,credit,8924.33,Customer Payment,Cust_A
264,2024-06-03,USD_Sales,USD,credit,7089.17,Customer Payment,Cust_D
265,2024-06-03,EUR_Operating,EUR,credit,7566.54,Customer Payment,Cust_B
266,2024-06-05,EUR_Operating,EUR,credit,2272.19,Customer Payment,Cust_C
267,2024-06-05,EUR_Operating,EUR,credit,7027.58,Customer Payment,Cust_A
268,2024-06-05,EUR_Operating,EUR,credit,8708.16,Customer Payment,Cust_B
269,2024-06-05,EUR_Operating,EUR,debit,578.99,Supplier Payment,Vend_C
270,2024-06-06,EUR_Operating,EUR,credit,11895.38,Customer Payment,Cust_B
271,2024-06-06,EUR_Operating,EUR,credit,1978.69,Customer Payment,Cust_C
272,2024-06-08,EUR_Operating,EUR,credit,20123.32,Customer Payment,Cust_B
273,2024-06-08,JPY_Sales,JPY,debit,4394.66,Supplier Payment,Vend_C
274,2024-06-08,EUR_Operating,EUR,debit,1242.2,Supplier Payment,Vend_B
275,2024-06-08,EUR_Operating,EUR,debit,16242.55,Supplier Payment,Vend_B
276,2024-06-09,EUR_Operating,EUR,credit,13005.04,Customer Payment,Cust_D
277,2024-06-10,EUR_Operating,EUR,credit,5940.4,Customer Payment,Cust_B
278,2024-06-10,EUR_Operating,EUR,debit,137.41,Bank Fee,Bank
279,2024-06-11,EUR_Operating,EUR,credit,8291.17,Customer Payment,Cust_A
280,2024-06-11,EUR_Operating,EUR,debit,4449.7,Supplier Payment,Vend_B
281,2024-06-14,EUR_Operating,EUR,credit,7966.25,Customer Payment,Cust_A
282,2024-06-14,EUR_Operating,EUR,credit,1840.51,Customer Payment,Cust_D
283,2024-06-14,EUR_Operating,EUR,credit,3370.93,Customer Payment,Cust_C
284,2024-06-14,EUR_Operating,EUR,debit,13614.94,Supplier Payment,Vend_B
285,2024-06-14,EUR_Operating,EUR,debit,7539.9,Supplier Payment,Vend_A
286,2024-06-15,EUR_Operating,EUR,credit,4641.29,Customer Payment,Cust_B
287,2024-06-15,EUR_Operating,EUR,debit,6977.71,Supplier Payment,Vend_B
288,2024-06-15,JPY_Sales,JPY,debit,4013.72,Supplier Payment,Vend_A
289,2024-06-16,EUR_Operating,EUR,debit,3360.67,Supplier Payment,Vend_A
290,2024-06-16,EUR_Operating,EUR,debit,6150.07,Supplier Payment,Vend_A
291,2024-06-17,EUR_Operating,EUR,debit,7279.08,Supplier Payment,Vend_B
292,2024-06-18,EUR_Operating,EUR,credit,19720.79,Customer Payment,Cust_C
293,2024-06-18,USD_Sales,USD,credit,9925.38,Customer Payment,Cust_C
294,2024-06-19,EUR_Operating,EUR,debit,5086.28,Supplier Payment,Vend_C
295,2024-06-19,EUR_Operating,EUR,debit,421.22,Supplier Payment,Vend_B
296,2024-06-19,EUR_Operating,EUR,debit,10301.92,Supplier Payment,Vend_A
297,2024-06-21,EUR_Operating,EUR,credit,4787.21,Customer Payment,Cust_D
298,2024-06-21,EUR_Operating,EUR,debit,5052.83,Supplier Payment,Vend_A
299,2024-06-22,EUR_Operating,EUR,credit,8728.84,Customer Payment,Cust_D
300,2024-06-22,EUR_Operating,EUR,debit,2947.86,Supplier Payment,Vend_C
301,2024-06-23,EUR_Operating,EUR,credit,8299.07,Customer Payment,Cust_B
302,2024-06-23,EUR_Operating,EUR,debit,6463.91,Supplier Payment,Vend_A
303,2024-06-24,JPY_Sales,JPY,credit,345255.0,Customer Payment,Cust_C
304,2024-06-25,EUR_Operating,EUR,credit,15173.76,Customer Payment,Cust_C
305,2024-06-25,EUR_Operating,EUR,debit,11207.03,Supplier Payment,Vend_A
306,2024-06-25,EUR_Operating,EUR,debit,1751.07,Supplier Payment,Vend_A
307,2024-06-25,EUR_Payroll,EUR,debit,123654.51,Payroll,Payroll
308,2024-06-25,EUR_Operating,EUR,debit,123654.51,Transfer to Payroll,Payroll
309,2024-06-26,EUR_Operating,EUR,credit,5126.58,Customer Payment,Cust_B
310,2024-06-28,EUR_Operating,EUR,credit,5444.72,Customer Payment,Cust_A
311,2024-06-29,EUR_Operating,EUR,debit,1583.41,Supplier Payment,Vend_C
312,2024-06-29,EUR_Operating,EUR,debit,3099.6,Supplier Payment,Vend_C
313,2024-06-29,EUR_Operating,EUR,debit,3204.91,Supplier Payment,Vend_B
314,2024-06-30,EUR_Operating,EUR,credit,7002.58,Customer Payment,Cust_D
315,2024-06-30,EUR_Operating,EUR,credit,17119.95,Customer Payment,Cust_A
316,2024-07-01,EUR_Operating,EUR,credit,2065.62,Customer Payment,Cust_A
317,2024-07-01,EUR_Operating,EUR,credit,10660.99,Customer Payment,Cust_B
318,2024-07-01,JPY_Sales,JPY,credit,1679410.0,Customer Payment,Cust_D
319,2024-07-01,EUR_Operating,EUR,debit,9893.49,Supplier Payment,Vend_C
320,2024-07-01,EUR_Operating,EUR,debit,28001.67,Loan Interest,Bank Loan
321,2024-07-02,EUR_Operating,EUR,credit,2203.12,Customer Payment,Cust_A
322,2024-07-03,EUR_Operating,EUR,credit,10052.03,Customer Payment,Cust_A
323,2024-07-03,EUR_Operating,EUR,credit,18944.86,Customer Payment,Cust_D
324,2024-07-04,EUR_Operating,EUR,debit,2403.95,Supplier Payment,Vend_C
325,2024-07-04,EUR_Operating,EUR,debit,1543.23,Supplier Payment,Vend_A
326,2024-07-05,EUR_Operating,EUR,debit,14058.61,Supplier Payment,Vend_A
327,2024-07-05,EUR_Operating,EUR,debit,12005.27,Supplier Payment,Vend_A
328,2024-07-06,EUR_Operating,EUR,credit,15022.94,Customer Payment,Cust_D
329,2024-07-06,EUR_Operating,EUR,debit,2070.54,Supplier Payment,Vend_C
330,2024-07-07,EUR_Operating,EUR,credit,3191.28,Customer Payment,Cust_C
331,2024-07-08,EUR_Operating,EUR,credit,24675.17,Customer Payment,Cust_C
332,2024-07-08,EUR_Operating,EUR,debit,3067.13,Supplier Payment,Vend_A
333,2024-07-09,EUR_Operating,EUR,credit,4576.42,Customer Payment,Cust_B
334,2024-07-09,EUR_Operating,EUR,debit,3020.74,Supplier Payment,Vend_C
335,2024-07-10,EUR_Operating,EUR,credit,5358.22,Customer Payment,Cust_B
336,2024-07-11,USD_Sales,USD,credit,16749.34,Customer Payment,Cust_C
337,2024-07-12,EUR_Operating,EUR,debit,6917.08,Supplier Payment,Vend_A
338,2024-07-12,EUR_Operating,EUR,debit,6776.5,Supplier Payment,Vend_C
339,2024-07-12,EUR_Operating,EUR,debit,12690.8,Supplier Payment,Vend_C
340,2024-07-13,EUR_Operating,EUR,credit,9811.76,Customer Payment,Cust_C
341,2024-07-13,EUR_Operating,EUR,debit,1893.02,Supplier Payment,Vend_B
342,2024-07-13,EUR_Operating,EUR,debit,6999.93,Supplier Payment,Vend_B
343,2024-07-13,EUR_Operating,EUR,debit,3584.55,Supplier Payment,Vend_A
344,2024-07-14,EUR_Operating,EUR,credit,11374.51,Customer Payment,Cust_D
345,2024-07-15,USD_Sales,USD,debit,11189.81,Supplier Payment,Vend_B
346,2024-07-15,EUR_Operating,EUR,debit,38.81,Bank Fee,Bank
347,2024-07-16,EUR_Operating,EUR,credit,8872.18,Customer Payment,Cust_D
348,2024-07-16,EUR_Operating,EUR,credit,10123.69,Customer Payment,Cust_B
349,2024-07-16,EUR_Operating,EUR,credit,14855.64,Customer Payment,Cust_B
350,2024-07-17,USD_Sales,USD,credit,13733.12,Customer Payment,Cust_A
351,2024-07-17,EUR_Operating,EUR,debit,16927.59,Supplier Payment,Vend_C
352,2024-07-17,EUR_Operating,EUR,debit,11331.11,Supplier Payment,Vend_B
353,2024-07-18,EUR_Operating,EUR,credit,13809.07,Customer Payment,Cust_D
354,2024-07-18,EUR_Operating,EUR,debit,3606.94,Supplier Payment,Vend_A
355,2024-07-20,EUR_Operating,EUR,credit,9770.33,Customer Payment,Cust_A
356,2024-07-20,JPY_Sales,JPY,credit,1506102.0,Customer Payment,Cust_C
357,2024-07-20,EUR_Operating,EUR,debit,3466.15,Supplier Payment,Vend_A
358,2024-07-21,EUR_Operating,EUR,credit,6876.53,Customer Payment,Cust_C
359,2024-07-21,EUR_Operating,EUR,credit,10874.32,Customer Payment,Cust_A
360,2024-07-21,JPY_Sales,JPY,debit,4394.66,Supplier Payment,Vend_C
361,2024-07-22,EUR_Operating,EUR,credit,4404.39,Customer Payment,Cust_C
362,2024-07-23,USD_Sales,USD,credit,16849.6,Customer Payment,Cust_D
363,2024-07-23,EUR_Operating,EUR,credit,6274.1,Customer Payment,Cust_C
364,2024-07-23,EUR_Operating,EUR,debit,8332.71,Supplier Payment,Vend_A
365,2024-07-23,EUR_Operating,EUR,debit,94.27,Bank Fee,Bank
366,2024-07-24,EUR_Operating,EUR,credit,7102.45,Customer Payment,Cust_B
367,2024-07-24,EUR_Operating,EUR,credit,7558.24,Customer Payment,Cust_D
368,2024-07-24,EUR_Operating,EUR,debit,16985.89,Supplier Payment,Vend_C
369,2024-07-25,EUR_Operating,EUR,credit,15321.2,Customer Payment,Cust_D
370,2024-07-25,JPY_Sales,JPY,credit,468487.0,Customer Payment,Cust_B
371,2024-07-25,EUR_Operating,EUR,debit,1644.46,Supplier Payment,Vend_A
372,2024-07-25,EUR_Operating,EUR,debit,3161.6,Supplier Payment,Vend_A
373,2024-07-25,EUR_Payroll,EUR,debit,125414.17,Payroll,Payroll
374,2024-07-25,EUR_Operating,EUR,debit,125414.17,Transfer to Payroll,Payroll
375,2024-07-26,EUR_Operating,EUR,credit,14006.66,Customer Payment,Cust_A
376,2024-07-26,EUR_Operating,EUR,debit,2441.62,Supplier Payment,Vend_C
377,2024-07-27,USD_Sales,USD,credit,7423.71,Customer Payment,Cust_D
378,2024-07-28,USD_Sales,USD,credit,21221.57,Customer Payment,Cust_A
379,2024-07-28,JPY_Sales,JPY,credit,2124556.0,Customer Payment,Cust_D
380,2024-07-29,EUR_Operating,EUR,credit,7702.01,Customer Payment,Cust_D
381,2024-07-29,EUR_Operating,EUR,debit,7203.05,Supplier Payment,Vend_C
382,2024-07-30,JPY_Sales,JPY,credit,782929.0,Customer Payment,Cust_D
383,2024-07-30,EUR_Operating,EUR,credit,10891.71,Customer Payment,Cust_A
384,2024-07-30,EUR_Operating,EUR,debit,3844.29,Supplier Payment,Vend_A
385,2024-07-31,EUR_Operating,EUR,debit,3792.98,Supplier Payment,Vend_A
386,2024-08-01,EUR_Operating,EUR,debit,7557.18,Supplier Payment,Vend_B
387,2024-08-01,EUR_Operating,EUR,debit,27145.0,Loan Interest,Bank Loan
388,2024-08-02,EUR_Operating,EUR,credit,18000.43,Customer Payment,Cust_B
389,2024-08-03,EUR_Operating,EUR,debit,3672.27,Supplier Payment,Vend_A
390,2024-08-04,EUR_Operating,EUR,credit,7911.97,Customer Payment,Cust_C
391,2024-08-04,EUR_Operating,EUR,credit,13030.57,Customer Payment,Cust_C
392,2024-08-04,EUR_Operating,EUR,debit,4581.42,Supplier Payment,Vend_C
393,2024-08-04,EUR_Operating,EUR,debit,13636.36,Supplier Payment,Vend_B
394,2024-08-05,EUR_Operating,EUR,credit,9665.03,Customer Payment,Cust_B
395,2024-08-06,EUR_Operating,EUR,debit,3776.59,Supplier Payment,Vend_C
396,2024-08-06,EUR_Operating,EUR,debit,5837.06,Supplier Payment,Vend_C
397,2024-08-06,EUR_Operating,EUR,debit,20911.64,Supplier Payment,Vend_A
398,2024-08-07,EUR_Operating,EUR,credit,22933.76,Customer Payment,Cust_B
399,2024-08-07,EUR_Operating,EUR,credit,4226.09,Customer Payment,Cust_D
400,2024-08-07,EUR_Operating,EUR,credit,12939.11,Customer Payment,Cust_C
401,2024-08-10,EUR_Operating,EUR,credit,12520.06,Customer Payment,Cust_A
402,2024-08-10,EUR_Operating,EUR,credit,18460.48,Customer Payment,Cust_C
403,2024-08-10,EUR_Operating,EUR,debit,7060.62,Supplier Payment,Vend_C
404,2024-08-10,EUR_Operating,EUR,debit,1169.0,Supplier Payment,Vend_A
405,2024-08-10,EUR_Operating,EUR,debit,5973.47,Supplier Payment,Vend_C
406,2024-08-11,EUR_Operating,EUR,credit,8535.03,Customer Payment,Cust_C
407,2024-08-11,EUR_Operating,EUR,credit,10058.23,Customer Payment,Cust_A
408,2024-08-11,EUR_Operating,EUR,debit,1717.43,Supplier Payment,Vend_A
409,2024-08-12,EUR_Operating,EUR,debit,11372.33,Supplier Payment,Vend_C
410,2024-08-12,EUR_Operating,EUR,debit,1712.43,Supplier Payment,Vend_A
411,2024-08-13,EUR_Operating,EUR,debit,5805.73,Supplier Payment,Vend_B
412,2024-08-13,EUR_Operating,EUR,debit,4833.31,Supplier Payment,Vend_A
413,2024-08-14,JPY_Sales,JPY,credit,415703.0,Customer Payment,Cust_C
414,2024-08-14,EUR_Operating,EUR,debit,874.77,Supplier Payment,Vend_A
415,2024-08-14,EUR_Operating,EUR,debit,3099.6,Supplier Payment,Vend_C
416,2024-08-14,EUR_Operating,EUR,debit,146.26,Bank Fee,Bank
417,2024-08-15,EUR_Operating,EUR,debit,2947.86,Supplier Payment,Vend_C
418,2024-08-16,EUR_Operating,EUR,debit,11173.75,Supplier Payment,Vend_B
419,2024-08-16,EUR_Operating,EUR,debit,13127.81,Supplier Payment,Vend_B
420,2024-08-16,EUR_Operating,EUR,debit,7292.59,Supplier Payment,Vend_B
421,2024-08-16,EUR_Operating,EUR,debit,5294.77,Supplier Payment,Vend_C
422,2024-08-17,JPY_Sales,JPY,credit,821223.0,Customer Payment,Cust_C
423,2024-08-17,EUR_Operating,EUR,credit,3741.46,Customer Payment,Cust_C
424,2024-08-17,EUR_Operating,EUR,credit,1754.18,Customer Payment,Cust_B
425,2024-08-17,EUR_Operating,EUR,debit,5069.19,Supplier Payment,Vend_C
426,2024-08-17,EUR_Operating,EUR,debit,5154.04,Supplier Payment,Vend_C
427,2024-08-17,EUR_Operating,EUR,debit,2095.48,Supplier Payment,Vend_A
428,2024-08-18,EUR_Operating,EUR,debit,10683.05,Supplier Payment,Vend_A
429,2024-08-21,EUR_Operating,EUR,credit,6788.5,Customer Payment,Cust_B
430,2024-08-22,EUR_Operating,EUR,credit,14323.33,Customer Payment,Cust_A
431,2024-08-23,EUR_Operating,EUR,credit,4517.73,Customer Payment,Cust_D
432,2024-08-23,EUR_Operating,EUR,debit,805.64,Supplier Payment,Vend_C
433,2024-08-24,EUR_Operating,EUR,credit,10236.04,Customer Payment,Cust_D
434,2024-08-24,EUR_Operating,EUR,debit,6463.95,Supplier Payment,Vend_A
435,2024-08-25,EUR_Operating,EUR,credit,9143.13,Customer Payment,Cust_B
436,2024-08-25,EUR_Payroll,EUR,debit,122781.96,Payroll,Payroll
437,2024-08-25,EUR_Operating,EUR,debit,122781.96,Transfer to Payroll,Payroll
438,2024-08-26,EUR_Operating,EUR,credit,14175.06,Customer Payment,Cust_C
439,2024-08-26,EUR_Operating,EUR,debit,6776.5,Supplier Payment,Vend_C
440,2024-08-27,EUR_Operating,EUR,credit,4024.64,Customer Payment,Cust_B
441,2024-08-27,JPY_Sales,JPY,credit,2316500.0,Customer Payment,Cust_C
442,2024-08-27,EUR_Operating,EUR,debit,502.62,Supplier Payment,Vend_A
443,2024-08-27,JPY_Sales,JPY,debit,8464.85,Supplier Payment,Vend_C
444,2024-08-28,EUR_Operating,EUR,debit,10948.11,Supplier Payment,Vend_B
445,2024-08-29,EUR_Operating,EUR,debit,2776.21,Supplier Payment,Vend_C
446,2024-08-30,EUR_Operating,EUR,credit,7964.97,Customer Payment,Cust_D
447,2024-08-30,EUR_Operating,EUR,credit,15368.39,Customer Payment,Cust_B
448,2024-08-31,EUR_Operating,EUR,credit,12175.39,Customer Payment,Cust_B
449,2024-08-31,EUR_Operating,EUR,credit,3901.75,Customer Payment,Cust_C
450,2024-09-01,EUR_Operating,EUR,credit,29338.09,Customer Payment,Cust_A
451,2024-09-01,EUR_Operating,EUR,credit,4768.6,Customer Payment,Cust_B
452,2024-09-01,USD_Sales,USD,credit,1845.13,Customer Payment,Cust_C
453,2024-09-01,EUR_Operating,EUR,debit,29676.67,Loan Interest,Bank Loan
454,2024-09-02,EUR_Operating,EUR,credit,15472.92,Customer Payment,Cust_D
455,2024-09-02,EUR_Operating,EUR,credit,3551.5,Customer Payment,Cust_B
456,2024-09-02,EUR_Operating,EUR,credit,8414.81,Customer Payment,Cust_C
457,2024-09-02,EUR_Operating,EUR,debit,14058.61,Supplier Payment,Vend_A
458,2024-09-03,EUR_Operating,EUR,credit,14338.9,Customer Payment,Cust_D
459,2024-09-03,EUR_Operating,EUR,credit,2012.19,Customer Payment,Cust_B
460,2024-09-03,JPY_Sales,JPY,debit,1933.84,Supplier Payment,Vend_A
461,2024-09-04,JPY_Sales,JPY,credit,1241265.0,Customer Payment,Cust_D
462,2024-09-04,EUR_Operating,EUR,credit,4790.43,Customer Payment,Cust_B
463,2024-09-04,EUR_Operating,EUR,debit,7010.03,Supplier Payment,Vend_A
464,2024-09-04,EUR_Operating,EUR,debit,5502.9,Supplier Payment,Vend_B
465,2024-09-05,EUR_Operating,EUR,credit,23424.58,Customer Payment,Cust_B
466,2024-09-05,EUR_Operating,EUR,credit,11502.41,Customer Payment,Cust_A
467,2024-09-05,EUR_Operating,EUR,credit,9631.56,Customer Payment,Cust_A
468,2024-09-06,JPY_Sales,JPY,credit,854359.0,Customer Payment,Cust_B
469,2024-09-06,EUR_Operating,EUR,debit,7228.85,Supplier Payment,Vend_C
470,2024-09-07,EUR_Operating,EUR,debit,5963.14,Supplier Payment,Vend_C
471,2024-09-07,EUR_Operating,EUR,debit,3161.6,Supplier Payment,Vend_A
472,2024-09-07,EUR_Operating,EUR,debit,4554.71,Supplier Payment,Vend_A
473,2024-09-08,EUR_Operating,EUR,credit,2727.57,Customer Payment,Cust_C
474,2024-09-08,EUR_Operating,EUR,credit,10243.3,Customer Payment,Cust_D
475,2024-09-08,EUR_Operating,EUR,debit,4466.47,Supplier Payment,Vend_B
476,2024-09-09,EUR_Operating,EUR,credit,5893.77,Customer Payment,Cust_B
477,2024-09-09,EUR_Operating,EUR,credit,25923.22,Customer Payment,Cust_C
478,2024-09-10,USD_Sales,USD,credit,15110.81,Customer Payment,Cust_C
479,2024-09-10,EUR_Operating,EUR,debit,3161.6,Supplier Payment,Vend_A
480,2024-09-10,USD_Sales,USD,debit,6893.93,Supplier Payment,Vend_B
481,2024-09-10,EUR_Operating,EUR,debit,3491.02,Supplier Payment,Vend_C
482,2024-09-11,EUR_Operating,EUR,debit,7851.07,Supplier Payment,Vend_C
483,2024-09-11,EUR_Operating,EUR,debit,10037.64,Supplier Payment,Vend_A
484,2024-09-12,EUR_Operating,EUR,credit,17643.68,Customer Payment,Cust_B
485,2024-09-16,EUR_Operating,EUR,credit,16341.04,Customer Payment,Cust_A
486,2024-09-16,USD_Sales,USD,debit,11189.81,Supplier Payment,Vend_B
487,2024-09-16,JPY_Sales,JPY,debit,964.15,Supplier Payment,Vend_B
488,2024-09-17,EUR_Operating,EUR,credit,16432.5,Customer Payment,Cust_A
489,2024-09-17,JPY_Sales,JPY,debit,964.15,Supplier Payment,Vend_B
490,2024-09-18,EUR_Operating,EUR,debit,2811.37,Supplier Payment,Vend_C
491,2024-09-18,EUR_Operating,EUR,debit,1717.43,Supplier Payment,Vend_A
492,2024-09-19,EUR_Operating,EUR,credit,6220.55,Customer Payment,Cust_D
493,2024-09-19,EUR_Operating,EUR,credit,3387.63,Customer Payment,Cust_B
494,2024-09-19,JPY_Sales,JPY,debit,4024.8,Supplier Payment,Vend_A
495,2024-09-20,JPY_Sales,JPY,credit,2150279.0,Customer Payment,Cust_B
496,2024-09-20,EUR_Operating,EUR,debit,6126.56,Supplier Payment,Vend_B
497,2024-09-21,EUR_Operating,EUR,debit,1367.38,Supplier Payment,Vend_B
498,2024-09-21,EUR_Operating,EUR,debit,7557.18,Supplier Payment,Vend_B
499,2024-09-21,EUR_Operating,EUR,debit,8611.76,Supplier Payment,Vend_C
500,2024-09-22,EUR_Operating,EUR,credit,4204.6,Customer Payment,Cust_D
501,2024-09-22,EUR_Operating,EUR,debit,4941.87,Supplier Payment,Vend_C
502,2024-09-23,EUR_Operating,EUR,credit,11420.37,Customer Payment,Cust_B
503,2024-09-24,EUR_Operating,EUR,credit,6336.29,Customer Payment,Cust_B
504,2024-09-24,EUR_Operating,EUR,credit,11949.55,Customer Payment,Cust_B
505,2024-09-25,EUR_Operating,EUR,credit,8232.68,Customer Payment,Cust_D
506,2024-09-25,EUR_Operating,EUR,debit,2290.16,Supplier Payment,Vend_A
507,2024-09-25,EUR_Operating,EUR,debit,6632.26,Supplier Payment,Vend_B
508,2024-09-25,USD_Sales,USD,debit,12275.5,Supplier Payment,Vend_B
509,2024-09-25,EUR_Payroll,EUR,debit,123697.87,Payroll,Payroll
510,2024-09-25,EUR_Operating,EUR,debit,123697.87,Transfer to Payroll,Payroll
511,2024-09-26,EUR_Operating,EUR,credit,12768.31,Customer Payment,Cust_D
512,2024-09-26,EUR_Operating,EUR,debit,1473.73,Supplier Payment,Vend_B
513,2024-09-26,EUR_Operating,EUR,debit,1319.92,Supplier Payment,Vend_A
514,2024-09-28,EUR_Operating,EUR,credit,8593.48,Customer Payment,Cust_C
515,2024-09-28,EUR_Operating,EUR,credit,17824.71,Customer Payment,Cust_C
516,2024-09-29,EUR_Operating,EUR,debit,6472.5,Supplier Payment,Vend_A
517,2024-09-30,EUR_Operating,EUR,credit,12991.66,Customer Payment,Cust_B
518,2024-09-30,EUR_Operating,EUR,credit,20041.72,Customer Payment,Cust_C
519,2024-09-30,EUR_Operating,EUR,debit,1687.34,Supplier Payment,Vend_A
520,2024-09-30,EUR_Operating,EUR,debit,6999.93,Supplier Payment,Vend_B
521,2024-10-01,EUR_Operating,EUR,credit,6136.08,Customer Payment,Cust_D
522,2024-10-01,EUR_Operating,EUR,credit,26072.54,Customer Payment,Cust_B
523,2024-10-01,EUR_Operating,EUR,debit,2944.84,Supplier Payment,Vend_B
524,2024-10-01,EUR_Operating,EUR,debit,11331.49,Supplier Payment,Vend_B
525,2024-10-01,EUR_Operating,EUR,debit,27943.33,Loan Interest,Bank Loan
526,2024-10-02,EUR_Operating,EUR,credit,9757.56,Customer Payment,Cust_C
527,2024-10-02,EUR_Operating,EUR,credit,2252.36,Customer Payment,Cust_D
528,2024-10-02,JPY_Sales,JPY,debit,11606.28,Supplier Payment,Vend_B
529,2024-10-02,EUR_Operating,EUR,debit,4620.18,Supplier Payment,Vend_C
530,2024-10-04,EUR_Operating,EUR,debit,10043.05,Supplier Payment,Vend_B
531,2024-10-05,EUR_Operating,EUR,credit,5998.79,Customer Payment,Cust_D
532,2024-10-05,EUR_Operating,EUR,credit,22796.74,Customer Payment,Cust_A
533,2024-10-05,JPY_Sales,JPY,debit,1933.84,Supplier Payment,Vend_A
534,2024-10-06,EUR_Operating,EUR,credit,11006.46,Customer Payment,Cust_D
535,2024-10-06,EUR_Operating,EUR,debit,1367.38,Supplier Payment,Vend_B
536,2024-10-06,EUR_Operating,EUR,debit,5214.86,Supplier Payment,Vend_A
537,2024-10-07,EUR_Operating,EUR,credit,8076.29,Customer Payment,Cust_D
538,2024-10-08,EUR_Operating,EUR,debit,7263.71,Supplier Payment,Vend_B
539,2024-10-08,EUR_Operating,EUR,debit,7518.12,Supplier Payment,Vend_B
540,2024-10-09,EUR_Operating,EUR,credit,5015.97,Customer Payment,Cust_A
541,2024-10-10,EUR_Operating,EUR,credit,12053.78,Customer Payment,Cust_C
542,2024-10-10,EUR_Operating,EUR,debit,46.64,Bank Fee,Bank
543,2024-10-11,EUR_Operating,EUR,debit,2441.62,Supplier Payment,Vend_C
544,2024-10-12,EUR_Operating,EUR,debit,1199.03,Supplier Payment,Vend_C
545,2024-10-13,EUR_Operating,EUR,credit,13464.18,Customer Payment,Cust_B
546,2024-10-13,EUR_Operating,EUR,credit,17666.56,Customer Payment,Cust_D
547,2024-10-14,EUR_Operating,EUR,debit,14345.02,Supplier Payment,Vend_B
548,2024-10-15,EUR_Operating,EUR,credit,4306.36,Customer Payment,Cust_A
549,2024-10-15,EUR_Operating,EUR,debit,7851.07,Supplier Payment,Vend_C
550,2024-10-17,EUR_Operating,EUR,credit,7370.66,Customer Payment,Cust_C
551,2024-10-18,EUR_Operating,EUR,credit,8595.2,Customer Payment,Cust_C
552,2024-10-19,EUR_Operating,EUR,credit,8453.5,Customer Payment,Cust_C
553,2024-10-19,EUR_Operating,EUR,debit,6910.56,Supplier Payment,Vend_C
554,2024-10-19,EUR_Operating,EUR,debit,16985.89,Supplier Payment,Vend_C
555,2024-10-20,EUR_Operating,EUR,credit,8952.19,Customer Payment,Cust_D
556,2024-10-20,EUR_Operating,EUR,credit,21020.54,Customer Payment,Cust_D
557,2024-10-20,EUR_Operating,EUR,credit,5963.72,Customer Payment,Cust_B
558,2024-10-20,EUR_Operating,EUR,debit,5337.49,Supplier Payment,Vend_C
559,2024-10-21,EUR_Operating,EUR,credit,14651.73,Customer Payment,Cust_C
560,2024-10-22,EUR_Operating,EUR,credit,3978.71,Customer Payment,Cust_A
561,2024-10-23,EUR_Operating,EUR,debit,8259.5,Supplier Payment,Vend_A
562,2024-10-24,EUR_Operating,EUR,credit,14938.93,Customer Payment,Cust_B
563,2024-10-24,EUR_Operating,EUR,credit,6581.23,Customer Payment,Cust_D
564,2024-10-24,EUR_Operating,EUR,debit,11906.22,Supplier Payment,Vend_B
565,2024-10-25,EUR_Operating,EUR,credit,7707.33,Customer Payment,Cust_D
566,2024-10-25,JPY_Sales,JPY,credit,391829.0,Customer Payment,Cust_D
567,2024-10-25,EUR_Operating,EUR,debit,5787.11,Supplier Payment,Vend_C
568,2024-10-25,EUR_Payroll,EUR,debit,119675.47,Payroll,Payroll
569,2024-10-25,EUR_Operating,EUR,debit,119675.47,Transfer to Payroll,Payroll
570,2024-10-26,EUR_Operating,EUR,credit,3397.21,Customer Payment,Cust_A
571,2024-10-26,EUR_Operating,EUR,debit,1169.0,Supplier Payment,Vend_A
572,2024-10-27,EUR_Operating,EUR,debit,3332.95,Supplier Payment,Vend_A
573,2024-10-28,USD_Sales,USD,debit,8983.7,Supplier Payment,Vend_C
574,2024-10-28,EUR_Operating,EUR,debit,5991.81,Supplier Payment,Vend_A
575,2024-10-29,EUR_Operating,EUR,credit,9132.19,Customer Payment,Cust_A
576,2024-10-29,EUR_Operating,EUR,credit,4352.69,Customer Payment,Cust_B
577,2024-10-29,EUR_Operating,EUR,debit,5149.13,Supplier Payment,Vend_C
578,2024-10-31,EUR_Operating,EUR,credit,1685.26,Customer Payment,Cust_D
579,2024-10-31,EUR_Operating,EUR,credit,13256.94,Customer Payment,Cust_C
580,2024-10-31,EUR_Operating,EUR,debit,5991.81,Supplier Payment,Vend_A
581,2024-11-01,EUR_Operating,EUR,credit,3522.89,Customer Payment,Cust_D
582,2024-11-01,EUR_Operating,EUR,debit,5642.89,Supplier Payment,Vend_B
583,2024-11-01,EUR_Operating,EUR,debit,26585.0,Loan Interest,Bank Loan
584,2024-11-02,USD_Sales,USD,credit,2850.75,Customer Payment,Cust_D
585,2024-11-03,EUR_Operating,EUR,debit,4625.59,Supplier Payment,Vend_A
586,2024-11-03,EUR_Operating,EUR,debit,4926.07,Supplier Payment,Vend_A
587,2024-11-04,EUR_Operating,EUR,credit,1827.74,Customer Payment,Cust_B
588,2024-11-04,JPY_Sales,JPY,credit,1207930.0,Customer Payment,Cust_D
589,2024-11-05,EUR_Operating,EUR,debit,1550.87,Supplier Payment,Vend_C
590,2024-11-05,EUR_Operating,EUR,debit,3954.63,Supplier Payment,Vend_A
591,2024-11-05,EUR_Operating,EUR,debit,9893.49,Supplier Payment,Vend_C
592,2024-11-07,EUR_Operating,EUR,credit,20023.06,Customer Payment,Cust_B
593,2024-11-07,EUR_Operating,EUR,debit,7494.84,Supplier Payment,Vend_C
594,2024-11-07,EUR_Operating,EUR,debit,3933.55,Supplier Payment,Vend_A
595,2024-11-08,EUR_Operating,EUR,debit,3594.19,Supplier Payment,Vend_B
596,2024-11-09,EUR_Operating,EUR,credit,3074.76,Customer Payment,Cust_C
597,2024-11-09,EUR_Operating,EUR,credit,24709.62,Customer Payment,Cust_D
598,2024-11-10,EUR_Operating,EUR,credit,3060.17,Customer Payment,Cust_B
599,2024-11-10,EUR_Operating,EUR,credit,1603.43,Customer Payment,Cust_B
600,2024-11-10,EUR_Operating,EUR,credit,19539.6,Customer Payment,Cust_B
601,2024-11-10,EUR_Operating,EUR,debit,17878.3,Supplier Payment,Vend_B
602,2024-11-10,USD_Sales,USD,debit,11189.81,Supplier Payment,Vend_B
603,2024-11-10,EUR_Operating,EUR,debit,122.12,Bank Fee,Bank
604,2024-11-11,EUR_Operating,EUR,credit,9898.85,Customer Payment,Cust_B
605,2024-11-12,EUR_Operating,EUR,debit,6968.44,Supplier Payment,Vend_C
606,2024-11-12,EUR_Operating,EUR,debit,3118.13,Supplier Payment,Vend_B
607,2024-11-13,JPY_Sales,JPY,credit,1172832.0,Customer Payment,Cust_B
608,2024-11-13,EUR_Operating,EUR,credit,10721.07,Customer Payment,Cust_A
609,2024-11-13,EUR_Operating,EUR,debit,10496.25,Supplier Payment,Vend_C
610,2024-11-13,EUR_Operating,EUR,debit,5938.42,Supplier Payment,Vend_C
611,2024-11-13,EUR_Operating,EUR,debit,3072.02,Supplier Payment,Vend_A
612,2024-11-14,EUR_Operating,EUR,debit,7786.63,Supplier Payment,Vend_B
613,2024-11-15,EUR_Operating,EUR,debit,8259.5,Supplier Payment,Vend_A
614,2024-11-17,JPY_Sales,JPY,credit,1975407.0,Customer Payment,Cust_C
615,2024-11-17,EUR_Operating,EUR,debit,7539.9,Supplier Payment,Vend_A
616,2024-11-17,EUR_Operating,EUR,debit,1583.41,Supplier Payment,Vend_C
617,2024-11-17,EUR_Operating,EUR,debit,9901.21,Supplier Payment,Vend_B
618,2024-11-17,EUR_Operating,EUR,debit,7385.19,Supplier Payment,Vend_C
619,2024-11-18,EUR_Operating,EUR,debit,7557.18,Supplier Payment,Vend_B
620,2024-11-19,EUR_Operating,EUR,credit,10079.9,Customer Payment,Cust_C
621,2024-11-21,EUR_Operating,EUR,debit,3378.38,Supplier Payment,Vend_C
622,2024-11-22,EUR_Operating,EUR,credit,4691.37,Customer Payment,Cust_C
623,2024-11-22,EUR_Operating,EUR,debit,13417.44,Supplier Payment,Vend_B
624,2024-11-23,EUR_Operating,EUR,credit,4233.1,Customer Payment,Cust_C
625,2024-11-23,EUR_Operating,EUR,credit,7180.91,Customer Payment,Cust_B
626,2024-11-23,EUR_Operating,EUR,credit,13545.99,Customer Payment,Cust_C
627,2024-11-23,EUR_Operating,EUR,debit,9927.69,Supplier Payment,Vend_B
628,2024-11-23,EUR_Operating,EUR,debit,1289.31,Supplier Payment,Vend_A
629,2024-11-24,EUR_Operating,EUR,debit,4350.16,Supplier Payment,Vend_C
630,2024-11-25,EUR_Operating,EUR,debit,502.62,Supplier Payment,Vend_A
631,2024-11-25,EUR_Operating,EUR,debit,6968.44,Supplier Payment,Vend_C
632,2024-11-25,EUR_Payroll,EUR,debit,125072.8,Payroll,Payroll
633,2024-11-25,EUR_Operating,EUR,debit,125072.8,Transfer to Payroll,Payroll
634,2024-11-26,EUR_Operating,EUR,credit,10917.86,Customer Payment,Cust_A
635,2024-11-26,EUR_Operating,EUR,debit,1199.03,Supplier Payment,Vend_C
636,2024-11-26,EUR_Operating,EUR,debit,10339.84,Supplier Payment,Vend_A
637,2024-11-26,EUR_Operating,EUR,debit,5856.83,Supplier Payment,Vend_B
638,2024-11-29,EUR_Operating,EUR,debit,1886.78,Supplier Payment,Vend_B
639,2024-11-29,EUR_Operating,EUR,debit,5665.33,Supplier Payment,Vend_C
640,2024-11-29,EUR_Operating,EUR,debit,5069.19,Supplier Payment,Vend_C
641,2024-11-30,EUR_Operating,EUR,credit,9997.32,Customer Payment,Cust_D
642,2024-11-30,EUR_Operating,EUR,credit,11082.09,Customer Payment,Cust_B
643,2024-11-30,EUR_Operating,EUR,credit,6532.85,Customer Payment,Cust_B
644,2024-11-30,EUR_Operating,EUR,debit,3312.98,Supplier Payment,Vend_B
645,2024-12-01,EUR_Operating,EUR,credit,10213.07,Customer Payment,Cust_B
646,2024-12-01,EUR_Operating,EUR,debit,26395.0,Loan Interest,Bank Loan
647,2024-12-02,EUR_Operating,EUR,credit,13886.65,Customer Payment,Cust_C
648,2024-12-03,EUR_Operating,EUR,credit,7600.64,Customer Payment,Cust_C
649,2024-12-03,EUR_Operating,EUR,credit,6837.9,Customer Payment,Cust_A
650,2024-12-03,EUR_Operating,EUR,debit,7228.85,Supplier Payment,Vend_C
651,2024-12-04,EUR_Operating,EUR,debit,7494.84,Supplier Payment,Vend_C
652,2024-12-04,EUR_Operating,EUR,debit,2267.55,Supplier Payment,Vend_B
653,2024-12-05,EUR_Operating,EUR,credit,4976.6,Customer Payment,Cust_C
654,2024-12-05,EUR_Operating,EUR,debit,490.97,Supplier Payment,Vend_B
655,2024-12-06,JPY_Sales,JPY,credit,1075190.0,Customer Payment,Cust_D
656,2024-12-06,EUR_Operating,EUR,credit,10020.2,Customer Payment,Cust_B
657,2024-12-06,EUR_Operating,EUR,debit,5925.28,Supplier Payment,Vend_B
658,2024-12-07,EUR_Operating,EUR,credit,16322.16,Customer Payment,Cust_D
659,2024-12-08,EUR_Operating,EUR,credit,2572.23,Customer Payment,Cust_A
660,2024-12-08,EUR_Operating,EUR,debit,10301.92,Supplier Payment,Vend_A
661,2024-12-08,EUR_Operating,EUR,debit,8499.86,Supplier Payment,Vend_C
662,2024-12-08,EUR_Operating,EUR,debit,10339.84,Supplier Payment,Vend_A
663,2024-12-09,EUR_Operating,EUR,debit,3118.13,Supplier Payment,Vend_B
664,2024-12-09,EUR_Operating,EUR,debit,7170.8,Supplier Payment,Vend_B
665,2024-12-10,JPY_Sales,JPY,debit,1535.1,Supplier Payment,Vend_B
666,2024-12-11,EUR_Operating,EUR,debit,10948.11,Supplier Payment,Vend_B
667,2024-12-11,EUR_Operating,EUR,debit,3118.13,Supplier Payment,Vend_B
668,2024-12-12,EUR_Operating,EUR,credit,14679.18,Customer Payment,Cust_B
669,2024-12-12,EUR_Operating,EUR,debit,5750.63,Supplier Payment,Vend_A
670,2024-12-12,EUR_Operating,EUR,debit,10454.59,Supplier Payment,Vend_B
671,2024-12-13,EUR_Operating,EUR,debit,18698.6,Supplier Payment,Vend_B
672,2024-12-14,JPY_Sales,JPY,credit,2253102.0,Customer Payment,Cust_D
673,2024-12-14,EUR_Operating,EUR,credit,7036.03,Customer Payment,Cust_C
674,2024-12-15,JPY_Sales,JPY,credit,1053052.0,Customer Payment,Cust_D
675,2024-12-17,EUR_Operating,EUR,credit,9785.98,Customer Payment,Cust_B
676,2024-12-17,EUR_Operating,EUR,debit,5.04,Bank Fee,Bank
677,2024-12-18,JPY_Sales,JPY,credit,740384.0,Customer Payment,Cust_C
678,2024-12-18,EUR_Operating,EUR,debit,1760.15,Supplier Payment,Vend_C
679,2024-12-18,EUR_Operating,EUR,debit,3067.13,Supplier Payment,Vend_A
680,2024-12-19,EUR_Operating,EUR,credit,18812.01,Customer Payment,Cust_C
681,2024-12-19,EUR_Operating,EUR,debit,5069.19,Supplier Payment,Vend_C
682,2024-12-19,EUR_Operating,EUR,debit,2484.68,Supplier Payment,Vend_C
683,2024-12-19,EUR_Operating,EUR,debit,3786.83,Supplier Payment,Vend_B
684,2024-12-20,EUR_Operating,EUR,credit,21490.93,Customer Payment,Cust_B
685,2024-12-20,EUR_Operating,EUR,debit,9837.07,Supplier Payment,Vend_B
686,2024-12-21,EUR_Operating,EUR,debit,2651.15,Supplier Payment,Vend_B
687,2024-12-22,EUR_Operating,EUR,credit,4095.87,Customer Payment,Cust_A
688,2024-12-22,EUR_Operating,EUR,debit,6150.07,Supplier Payment,Vend_A
689,2024-12-23,EUR_Operating,EUR,credit,5657.26,Customer Payment,Cust_A
690,2024-12-23,EUR_Operating,EUR,debit,5086.28,Supplier Payment,Vend_C
691,2024-12-24,EUR_Operating,EUR,debit,1886.78,Supplier Payment,Vend_B
692,2024-12-25,EUR_Payroll,EUR,debit,122280.96,Payroll,Payroll
693,2024-12-25,EUR_Operating,EUR,debit,122280.96,Transfer to Payroll,Payroll
694,2024-12-26,EUR_Operating,EUR,credit,15366.94,Customer Payment,Cust_B
695,2024-12-26,EUR_Operating,EUR,credit,9179.66,Customer Payment,Cust_B
696,2024-12-26,EUR_Operating,EUR,credit,2145.6,Customer Payment,Cust_B
697,2024-12-26,JPY_Sales,JPY,debit,16626.38,Supplier Payment,Vend_B
698,2024-12-27,EUR_Operating,EUR,credit,12962.12,Customer Payment,Cust_D
699,2024-12-27,EUR_Operating,EUR,credit,9706.21,Customer Payment,Cust_C
700,2024-12-27,EUR_Operating,EUR,debit,5991.81,Supplier Payment,Vend_A
701,2024-12-28,EUR_Operating,EUR,credit,14856.78,Customer Payment,Cust_B
702,2024-12-28,EUR_Operating,EUR,debit,7494.84,Supplier Payment,Vend_C
703,2024-12-29,EUR_Operating,EUR,credit,7739.44,Customer Payment,Cust_B
704,2024-12-30,USD_Sales,USD,credit,14192.35,Customer Payment,Cust_D
705,2024-12-30,EUR_Operating,EUR,debit,5642.89,Supplier Payment,Vend_B
706,2024-12-30,EUR_Operating,EUR,debit,4141.01,Supplier Payment,Vend_A
707,2024-12-31,EUR_Operating,EUR,debit,6019.27,Supplier Payment,Vend_B
